use FSC_eSecurity

print 'Agregando usuarios de prueba'
SET IDENTITY_INSERT [dbo].[ApplicationUser] ON
INSERT [dbo].[ApplicationUser] ([ID], [Code], [Name], [Password], [FirstName], [MiddleName], [LastName], [Edited], [LastLogin], [LastLogout], [IDLocality], [PositionName], [Identification], [EMail], [expiration], [Enabled], [Active], [ImageUser], [ChangePassword]) VALUES (154, N'admin', N'Admin', N'4859E45B4C8B605EEB04E19D2E6C2CF0', N'Admin', N' ', N'Admin', CAST(0x00008EAC00000000 AS DateTime), CAST(0x0000A23B00A19B88 AS DateTime), CAST(0x0000901A00000000 AS DateTime), 1, N'ADMIN', N'1234567', N'admin@admin.xxx', 9999, N'T', N'T', N'NoImage.gif', N'T')
INSERT [dbo].[ApplicationUser] ([ID], [Code], [Name], [Password], [FirstName], [MiddleName], [LastName], [Edited], [LastLogin], [LastLogout], [IDLocality], [PositionName], [Identification], [EMail], [expiration], [Enabled], [Active], [ImageUser], [ChangePassword]) VALUES (155, N'lider', N'Lider', N'4859E45B4C8B605EEB04E19D2E6C2CF0', N'Lider', N' ', N'Lider', CAST(0x00008EAC00000000 AS DateTime), CAST(0x0000A23B00A19B88 AS DateTime), CAST(0x0000901A00000000 AS DateTime), 1, N'ADMIN', N'1234567', N'admin@admin.xxx', 9999, N'T', N'T', N'NoImage.gif', N'T')
INSERT [dbo].[ApplicationUser] ([ID], [Code], [Name], [Password], [FirstName], [MiddleName], [LastName], [Edited], [LastLogin], [LastLogout], [IDLocality], [PositionName], [Identification], [EMail], [expiration], [Enabled], [Active], [ImageUser], [ChangePassword]) VALUES (156, N'seguimiento', N'Seguimiento', N'4859E45B4C8B605EEB04E19D2E6C2CF0', N'Seguimiento', N' ', N'Seguimiento', CAST(0x00008EAC00000000 AS DateTime), CAST(0x0000A23B00A19B88 AS DateTime), CAST(0x0000901A00000000 AS DateTime), 1, N'ADMIN', N'1234567', N'admin@admin.xxx', 9999, N'T', N'T', N'NoImage.gif', N'T')
INSERT [dbo].[ApplicationUser] ([ID], [Code], [Name], [Password], [FirstName], [MiddleName], [LastName], [Edited], [LastLogin], [LastLogout], [IDLocality], [PositionName], [Identification], [EMail], [expiration], [Enabled], [Active], [ImageUser], [ChangePassword]) VALUES (157, N'juridica', N'Juridica', N'4859E45B4C8B605EEB04E19D2E6C2CF0', N'Juridica', N' ', N'Juridica', CAST(0x00008EAC00000000 AS DateTime), CAST(0x0000A23B00A19B88 AS DateTime), CAST(0x0000901A00000000 AS DateTime), 1, N'ADMIN', N'1234567', N'admin@admin.xxx', 9999, N'T', N'T', N'NoImage.gif', N'T')
INSERT [dbo].[ApplicationUser] ([ID], [Code], [Name], [Password], [FirstName], [MiddleName], [LastName], [Edited], [LastLogin], [LastLogout], [IDLocality], [PositionName], [Identification], [EMail], [expiration], [Enabled], [Active], [ImageUser], [ChangePassword]) VALUES (158, N'consulta', N'Consulta', N'4859E45B4C8B605EEB04E19D2E6C2CF0', N'Consulta', N' ', N'Consulta', CAST(0x00008EAC00000000 AS DateTime), CAST(0x0000A23B00A19B88 AS DateTime), CAST(0x0000901A00000000 AS DateTime), 1, N'ADMIN', N'1234567', N'admin@admin.xxx', 9999, N'T', N'T', N'NoImage.gif', N'T')
SET IDENTITY_INSERT [dbo].[ApplicationUser] OFF
print 'Usuarios de prueba agregados!'
print ''

print 'Agregando grupos de usuario'
SET IDENTITY_INSERT [dbo].[UserGroup] ON
INSERT [dbo].[UserGroup] ([id], [Code], [Name], [Enabled]) VALUES (1, N'ADMIN', N'Administradores Generales', N'T')
INSERT [dbo].[UserGroup] ([id], [Code], [Name], [Enabled]) VALUES (34, N'Lider', N'Lider de Proyecto', N'T')
INSERT [dbo].[UserGroup] ([id], [Code], [Name], [Enabled]) VALUES (35, N'Juridica', N'Juridica', N'T')
INSERT [dbo].[UserGroup] ([id], [Code], [Name], [Enabled]) VALUES (36, N'Consulta', N'Consulta', N'T')
INSERT [dbo].[UserGroup] ([id], [Code], [Name], [Enabled]) VALUES (28, N'Seg y Eval', N'Seguimiento y Evaluación', N'T')
SET IDENTITY_INSERT [dbo].[UserGroup] OFF
print 'Grupos de usuario agregados"'
print ''

print 'Relacionando los usuarios y los grupos'
INSERT [dbo].[UsersByGroup] ([IDApplicationUser], [IDUserGroup]) VALUES (154, 1)
INSERT [dbo].[UsersByGroup] ([IDApplicationUser], [IDUserGroup]) VALUES (155, 34)
INSERT [dbo].[UsersByGroup] ([IDApplicationUser], [IDUserGroup]) VALUES (156, 28)
INSERT [dbo].[UsersByGroup] ([IDApplicationUser], [IDUserGroup]) VALUES (157, 35)
INSERT [dbo].[UsersByGroup] ([IDApplicationUser], [IDUserGroup]) VALUES (158, 36)
print 'Usuarios relacionados!'
print ''

print 'Creando columna Level'
ALTER TABLE [dbo].[Menu]
ADD [Level] [int] NULL;
GO
print 'Columna creada'
print''

print 'Agregando items del menu nuevo'
SET IDENTITY_INSERT [dbo].[Menu] ON
INSERT [dbo].[Menu] ([Id], [TextField], [URL], [Enabled], [SortOrder], [Level]) VALUES (189, N'administrador', N'', N'T', 99, 1)
INSERT [dbo].[Menu] ([Id], [TextField], [URL], [Enabled], [SortOrder], [Level]) VALUES (190, N'formulacion', N'', N'T', 99, 1)
INSERT [dbo].[Menu] ([Id], [TextField], [URL], [Enabled], [SortOrder], [Level]) VALUES (191, N'ejecucion', N'', N'T', 99, 1)
INSERT [dbo].[Menu] ([Id], [TextField], [URL], [Enabled], [SortOrder], [Level]) VALUES (192, N'herramientas', N'', N'T', 99, 1)
INSERT [dbo].[Menu] ([Id], [TextField], [URL], [Enabled], [SortOrder], [Level]) VALUES (193, N'esecurity', N'', N'T', 99, 2)
INSERT [dbo].[Menu] ([Id], [TextField], [URL], [Enabled], [SortOrder], [Level]) VALUES (194, N'Panel General de Proyectos', N'', N'T', 99, 2)
INSERT [dbo].[Menu] ([Id], [TextField], [URL], [Enabled], [SortOrder], [Level]) VALUES (195, N'Planeación General ', N'', N'T', 99, 2)
INSERT [dbo].[Menu] ([Id], [TextField], [URL], [Enabled], [SortOrder], [Level]) VALUES (196, N'Admin Procesos BPM', N'', N'T', 99, 2)
INSERT [dbo].[Menu] ([Id], [TextField], [URL], [Enabled], [SortOrder], [Level]) VALUES (197, N'Reportes', N'', N'T', 99, 2)
INSERT [dbo].[Menu] ([Id], [TextField], [URL], [Enabled], [SortOrder], [Level]) VALUES (198, N'Idea', N'', N'T', 99, 2)
INSERT [dbo].[Menu] ([Id], [TextField], [URL], [Enabled], [SortOrder], [Level]) VALUES (199, N'Proyecto', N'', N'T', 99, 2)
INSERT [dbo].[Menu] ([Id], [TextField], [URL], [Enabled], [SortOrder], [Level]) VALUES (200, N'Contratación', N'', N'T', 99, 2)
INSERT [dbo].[Menu] ([Id], [TextField], [URL], [Enabled], [SortOrder], [Level]) VALUES (201, N'Inicio Proyecto', N'', N'T', 99, 2)
INSERT [dbo].[Menu] ([Id], [TextField], [URL], [Enabled], [SortOrder], [Level]) VALUES (202, N'Cronograma del Proyecto', N'', N'T', 99, 2)
INSERT [dbo].[Menu] ([Id], [TextField], [URL], [Enabled], [SortOrder], [Level]) VALUES (203, N'Indicador', N'', N'T', 99, 2)
INSERT [dbo].[Menu] ([Id], [TextField], [URL], [Enabled], [SortOrder], [Level]) VALUES (204, N'Acta de Seguimiento', N'', N'T', 99, 2)
INSERT [dbo].[Menu] ([Id], [TextField], [URL], [Enabled], [SortOrder], [Level]) VALUES (205, N'Gestion del Riesgo', N'', N'T', 99, 2)
INSERT [dbo].[Menu] ([Id], [TextField], [URL], [Enabled], [SortOrder], [Level]) VALUES (206, N'Ejecución Operadores', N'', N'T', 99, 2)
INSERT [dbo].[Menu] ([Id], [TextField], [URL], [Enabled], [SortOrder], [Level]) VALUES (207, N'Cierre del Proyecto', N'', N'T', 99, 2)
INSERT [dbo].[Menu] ([Id], [TextField], [URL], [Enabled], [SortOrder], [Level]) VALUES (208, N'Evaluación', N'', N'T', 99, 2)
INSERT [dbo].[Menu] ([Id], [TextField], [URL], [Enabled], [SortOrder], [Level]) VALUES (209, N'Reportes', N'', N'T', 99, 2)
INSERT [dbo].[Menu] ([Id], [TextField], [URL], [Enabled], [SortOrder], [Level]) VALUES (210, N'Encuesta', N'', N'T', 99, 2)
INSERT [dbo].[Menu] ([Id], [TextField], [URL], [Enabled], [SortOrder], [Level]) VALUES (211, N'Documentos', N'', N'T', 99, 2)
INSERT [dbo].[Menu] ([Id], [TextField], [URL], [Enabled], [SortOrder], [Level]) VALUES (212, N'Foro', N'', N'T', 99, 2)
INSERT [dbo].[Menu] ([Id], [TextField], [URL], [Enabled], [SortOrder], [Level]) VALUES (213, N'Empresa', N' ', N'T', 99, 3)
INSERT [dbo].[Menu] ([Id], [TextField], [URL], [Enabled], [SortOrder], [Level]) VALUES (214, N'Menus', N' ', N'T', 99, 3)
INSERT [dbo].[Menu] ([Id], [TextField], [URL], [Enabled], [SortOrder], [Level]) VALUES (215, N'Tipo Documento', N' ', N'T', 99, 3)
INSERT [dbo].[Menu] ([Id], [TextField], [URL], [Enabled], [SortOrder], [Level]) VALUES (216, N'Perspectiva', N' ', N'T', 99, 3)
INSERT [dbo].[Menu] ([Id], [TextField], [URL], [Enabled], [SortOrder], [Level]) VALUES (217, N'Objetivo Estrategico', N' ', N'T', 99, 3)
INSERT [dbo].[Menu] ([Id], [TextField], [URL], [Enabled], [SortOrder], [Level]) VALUES (218, N'Gerencia', N' ', N'T', 99, 3)
GO
print 'Processed 200 total records'
INSERT [dbo].[Menu] ([Id], [TextField], [URL], [Enabled], [SortOrder], [Level]) VALUES (219, N'Estrategia', N' ', N'T', 99, 3)
INSERT [dbo].[Menu] ([Id], [TextField], [URL], [Enabled], [SortOrder], [Level]) VALUES (220, N'Linea estrategica o Linea de Acción', N' ', N'T', 99, 3)
INSERT [dbo].[Menu] ([Id], [TextField], [URL], [Enabled], [SortOrder], [Level]) VALUES (221, N'Programa', N' ', N'T', 99, 3)
INSERT [dbo].[Menu] ([Id], [TextField], [URL], [Enabled], [SortOrder], [Level]) VALUES (222, N'Componentes de programa', N' ', N'T', 99, 3)
INSERT [dbo].[Menu] ([Id], [TextField], [URL], [Enabled], [SortOrder], [Level]) VALUES (223, N'Actividad de la estrategia', N' ', N'T', 99, 3)
INSERT [dbo].[Menu] ([Id], [TextField], [URL], [Enabled], [SortOrder], [Level]) VALUES (224, N'Actor', N' ', N'T', 99, 3)
INSERT [dbo].[Menu] ([Id], [TextField], [URL], [Enabled], [SortOrder], [Level]) VALUES (225, N'Destinatario', N' ', N'T', 99, 3)
INSERT [dbo].[Menu] ([Id], [TextField], [URL], [Enabled], [SortOrder], [Level]) VALUES (226, N'Planeación General', N' ', N'T', 99, 3)
INSERT [dbo].[Menu] ([Id], [TextField], [URL], [Enabled], [SortOrder], [Level]) VALUES (227, N'Investigación y Desarrollo', N' ', N'T', 99, 3)
INSERT [dbo].[Menu] ([Id], [TextField], [URL], [Enabled], [SortOrder], [Level]) VALUES (228, N'Convocatorias', N' ', N'T', 99, 3)
INSERT [dbo].[Menu] ([Id], [TextField], [URL], [Enabled], [SortOrder], [Level]) VALUES (229, N'Nueva Empresa', N' /FSC/GeneralPlanning/addENTERPRISE.aspx?op=add', N'T', 99, 4)
INSERT [dbo].[Menu] ([Id], [TextField], [URL], [Enabled], [SortOrder], [Level]) VALUES (230, N'Buscar Empresa', N' /FSC/GeneralPlanning/searchENTERPRISE.aspx', N'T', 99, 4)
INSERT [dbo].[Menu] ([Id], [TextField], [URL], [Enabled], [SortOrder], [Level]) VALUES (231, N'Buscar Item', N' /FSC/Administrator/AdminMenu.aspx', N'T', 99, 4)
INSERT [dbo].[Menu] ([Id], [TextField], [URL], [Enabled], [SortOrder], [Level]) VALUES (233, N'Nuevo Destinatario', N' /FSC/Execution/addAddressee.aspx?op=add', N'T', 99, 4)
INSERT [dbo].[Menu] ([Id], [TextField], [URL], [Enabled], [SortOrder], [Level]) VALUES (234, N'Buscar Destinatario', N' /FSC/Execution/searchAddressee.aspx', N'T', 99, 4)
INSERT [dbo].[Menu] ([Id], [TextField], [URL], [Enabled], [SortOrder], [Level]) VALUES (236, N'Nueva Perspectiva', N' ', N'T', 99, 4)
INSERT [dbo].[Menu] ([Id], [TextField], [URL], [Enabled], [SortOrder], [Level]) VALUES (237, N'Buscar Perspectiva', N' ', N'T', 99, 4)
INSERT [dbo].[Menu] ([Id], [TextField], [URL], [Enabled], [SortOrder], [Level]) VALUES (243, N'Nuevo Objetivo Estrategico', N' ', N'T', 99, 4)
INSERT [dbo].[Menu] ([Id], [TextField], [URL], [Enabled], [SortOrder], [Level]) VALUES (244, N'Nuevo Gerencia', N' ', N'T', 99, 4)
INSERT [dbo].[Menu] ([Id], [TextField], [URL], [Enabled], [SortOrder], [Level]) VALUES (245, N'Nuevo Estrategia', N' ', N'T', 99, 4)
INSERT [dbo].[Menu] ([Id], [TextField], [URL], [Enabled], [SortOrder], [Level]) VALUES (246, N'Nueva Linea Estrategica', N' ', N'T', 99, 4)
INSERT [dbo].[Menu] ([Id], [TextField], [URL], [Enabled], [SortOrder], [Level]) VALUES (247, N'Nueva Programa', N' ', N'T', 99, 4)
INSERT [dbo].[Menu] ([Id], [TextField], [URL], [Enabled], [SortOrder], [Level]) VALUES (248, N'Buscar Objetivo Estrategico', N' ', N'T', 99, 4)
INSERT [dbo].[Menu] ([Id], [TextField], [URL], [Enabled], [SortOrder], [Level]) VALUES (249, N'Buscar Gerencia', N' ', N'T', 99, 4)
INSERT [dbo].[Menu] ([Id], [TextField], [URL], [Enabled], [SortOrder], [Level]) VALUES (250, N'Buscar Estrategia', N' ', N'T', 99, 4)
INSERT [dbo].[Menu] ([Id], [TextField], [URL], [Enabled], [SortOrder], [Level]) VALUES (251, N'Buscar Linea Estrategica', N' ', N'T', 99, 4)
INSERT [dbo].[Menu] ([Id], [TextField], [URL], [Enabled], [SortOrder], [Level]) VALUES (252, N'Buscar Programa', N' ', N'T', 99, 4)
INSERT [dbo].[Menu] ([Id], [TextField], [URL], [Enabled], [SortOrder], [Level]) VALUES (255, N'Nuevo Componente de Programa', N' ', N'T', 99, 4)
INSERT [dbo].[Menu] ([Id], [TextField], [URL], [Enabled], [SortOrder], [Level]) VALUES (256, N'Nuevo Actividad de la estrategia', N' ', N'T', 99, 4)
INSERT [dbo].[Menu] ([Id], [TextField], [URL], [Enabled], [SortOrder], [Level]) VALUES (257, N'Buscar Actividad de la estrategia', N' ', N'T', 99, 4)
INSERT [dbo].[Menu] ([Id], [TextField], [URL], [Enabled], [SortOrder], [Level]) VALUES (263, N'Nuevo Actor', N' /FSC/GeneralPlanning/addThird.aspx?op=add', N'T', 99, 4)
INSERT [dbo].[Menu] ([Id], [TextField], [URL], [Enabled], [SortOrder], [Level]) VALUES (264, N'Plan de Acción General', N' ', N'T', 99, 4)
INSERT [dbo].[Menu] ([Id], [TextField], [URL], [Enabled], [SortOrder], [Level]) VALUES (265, N'Inventario de Ideas', N' ', N'T', 99, 4)
INSERT [dbo].[Menu] ([Id], [TextField], [URL], [Enabled], [SortOrder], [Level]) VALUES (266, N'Estado de Convocatorias', N' ', N'T', 99, 4)
INSERT [dbo].[Menu] ([Id], [TextField], [URL], [Enabled], [SortOrder], [Level]) VALUES (267, N'Nuevo Tipo Documento', N' /FSC/Engagement/addDocumentType.aspx?op=add', N'T', 99, 4)
INSERT [dbo].[Menu] ([Id], [TextField], [URL], [Enabled], [SortOrder], [Level]) VALUES (268, N'Buscar Actor', N' /FSC/GeneralPlanning/searchThird.aspx', N'T', 99, 4)
INSERT [dbo].[Menu] ([Id], [TextField], [URL], [Enabled], [SortOrder], [Level]) VALUES (269, N'Detalle Estrategia', N' ', N'T', 99, 4)
INSERT [dbo].[Menu] ([Id], [TextField], [URL], [Enabled], [SortOrder], [Level]) VALUES (270, N'Mapa de Actores', N' ', N'T', 99, 4)
INSERT [dbo].[Menu] ([Id], [TextField], [URL], [Enabled], [SortOrder], [Level]) VALUES (271, N'Lista de Propuestas', N' ', N'T', 99, 4)
INSERT [dbo].[Menu] ([Id], [TextField], [URL], [Enabled], [SortOrder], [Level]) VALUES (272, N'Buscar Tipo Documento', N' /FSC/Engagement/searchDocumentType.aspx', N'T', 99, 4)
INSERT [dbo].[Menu] ([Id], [TextField], [URL], [Enabled], [SortOrder], [Level]) VALUES (273, N'Detalle Linea Estrategica', N' ', N'T', 99, 4)
INSERT [dbo].[Menu] ([Id], [TextField], [URL], [Enabled], [SortOrder], [Level]) VALUES (274, N'Inventario de Indicadores', N' ', N'T', 99, 4)
INSERT [dbo].[Menu] ([Id], [TextField], [URL], [Enabled], [SortOrder], [Level]) VALUES (275, N'Gantt de Actividades de Estrategia', N' ', N'T', 99, 4)
INSERT [dbo].[Menu] ([Id], [TextField], [URL], [Enabled], [SortOrder], [Level]) VALUES (276, N'Actor', N' ', N'T', 99, 4)
INSERT [dbo].[Menu] ([Id], [TextField], [URL], [Enabled], [SortOrder], [Level]) VALUES (281, N'Nueva Idea', N' /FSC/ResearchAndDevelopment/addIdea.aspx?op=add', N'T', 99, 3)
INSERT [dbo].[Menu] ([Id], [TextField], [URL], [Enabled], [SortOrder], [Level]) VALUES (282, N'Crear Proyecto', N' /FSC/FormulationAndAdoption/addProject.aspx?op=add', N'T', 99, 3)
INSERT [dbo].[Menu] ([Id], [TextField], [URL], [Enabled], [SortOrder], [Level]) VALUES (283, N'Generar Contrato', N' /FSC/Engagement/addContractRequest.aspx?op=add', N'T', 99, 3)
INSERT [dbo].[Menu] ([Id], [TextField], [URL], [Enabled], [SortOrder], [Level]) VALUES (284, N'Nuevo Registrar plan de ejecucion Contractual', N' /FSC/OperationalPlanning/addExecutionContractualPlanRegistry.aspx?op=add', N'T', 99, 4)
INSERT [dbo].[Menu] ([Id], [TextField], [URL], [Enabled], [SortOrder], [Level]) VALUES (285, N'Buscar Idea', N' /FSC/ResearchAndDevelopment/searchIdea.aspx', N'T', 99, 3)
INSERT [dbo].[Menu] ([Id], [TextField], [URL], [Enabled], [SortOrder], [Level]) VALUES (286, N'Buscar Proyecto', N' /FSC/FormulationAndAdoption/searchProject.aspx', N'T', 99, 3)
INSERT [dbo].[Menu] ([Id], [TextField], [URL], [Enabled], [SortOrder], [Level]) VALUES (287, N'Buscar Contrato', N' /FSC/Engagement/searchContractRequest.aspx', N'T', 99, 3)
INSERT [dbo].[Menu] ([Id], [TextField], [URL], [Enabled], [SortOrder], [Level]) VALUES (288, N'Buscar Registrar plan de ejecucion Contractual', N' /FSC/OperationalPlanning/addExecutionContractualPlanRegistry.aspx?op=add', N'T', 99, 4)
INSERT [dbo].[Menu] ([Id], [TextField], [URL], [Enabled], [SortOrder], [Level]) VALUES (289, N'Aprobar Idea', N' /FSC/FormulationAndAdoption/addProjectApprovalRecord.aspx?op=add', N'T', 99, 3)
INSERT [dbo].[Menu] ([Id], [TextField], [URL], [Enabled], [SortOrder], [Level]) VALUES (290, N'Aprobar Proyecto', N' /FSC/FormulationAndAdoption/addProjectApproval.aspx', N'T', 99, 3)
INSERT [dbo].[Menu] ([Id], [TextField], [URL], [Enabled], [SortOrder], [Level]) VALUES (291, N'Buscar aprobación de ideas', N' /FSC/FormulationAndAdoption/searchProjectApprovalRecord.aspx', N'T', 99, 3)
INSERT [dbo].[Menu] ([Id], [TextField], [URL], [Enabled], [SortOrder], [Level]) VALUES (292, N'Plan de ejecución Contractual', N' ', N'T', 99, 3)
INSERT [dbo].[Menu] ([Id], [TextField], [URL], [Enabled], [SortOrder], [Level]) VALUES (295, N'Actividad', N'', N'T', 99, 3)
INSERT [dbo].[Menu] ([Id], [TextField], [URL], [Enabled], [SortOrder], [Level]) VALUES (296, N'Subactividad', N'', N'T', 99, 3)
INSERT [dbo].[Menu] ([Id], [TextField], [URL], [Enabled], [SortOrder], [Level]) VALUES (297, N'Generar Acta de Inicio', N' /FSC/FomsProceedings/Proceeding_main.aspx?tp=str', N'T', 99, 3)
INSERT [dbo].[Menu] ([Id], [TextField], [URL], [Enabled], [SortOrder], [Level]) VALUES (298, N'Ingresar Cronograma', N' /FSC/FormulationAndAdoption/addproyectchargemasive.aspx', N'T', 99, 3)
INSERT [dbo].[Menu] ([Id], [TextField], [URL], [Enabled], [SortOrder], [Level]) VALUES (299, N'Nueva Actividad', N' /FSC/FormulationAndAdoption/addActivity.aspx?op=add', N'T', 99, 4)
INSERT [dbo].[Menu] ([Id], [TextField], [URL], [Enabled], [SortOrder], [Level]) VALUES (300, N'Nueva SubActividad', N' /FSC/FormulationAndAdoption/addSubActivity.aspx?op=add', N'T', 99, 4)
INSERT [dbo].[Menu] ([Id], [TextField], [URL], [Enabled], [SortOrder], [Level]) VALUES (301, N'Editar Cronograma', N' ', N'T', 99, 3)
INSERT [dbo].[Menu] ([Id], [TextField], [URL], [Enabled], [SortOrder], [Level]) VALUES (302, N'Buscar Actividad', N' /FSC/FormulationAndAdoption/searchActivity.aspx', N'T', 99, 4)
INSERT [dbo].[Menu] ([Id], [TextField], [URL], [Enabled], [SortOrder], [Level]) VALUES (303, N'Buscar SubActividad', N' /FSC/FormulationAndAdoption/searchSubActivity.aspx', N'T', 99, 4)
INSERT [dbo].[Menu] ([Id], [TextField], [URL], [Enabled], [SortOrder], [Level]) VALUES (313, N'Nuevo Indicador', N' /FSC/GeneralPlanning/addIndicator.aspx?op=add', N'T', 99, 3)
INSERT [dbo].[Menu] ([Id], [TextField], [URL], [Enabled], [SortOrder], [Level]) VALUES (314, N'Generar Acta de Seguimiento', N' /FSC/FomsProceedings/Proceeding_main.aspx?tp=trc', N'T', 99, 3)
INSERT [dbo].[Menu] ([Id], [TextField], [URL], [Enabled], [SortOrder], [Level]) VALUES (315, N'Nuevo Riesgo (Incluye toda la clasificación y la acción de mitigación)', N' /FSC/FormulationAndAdoption/addRisk.aspx?op=add', N'T', 99, 3)
INSERT [dbo].[Menu] ([Id], [TextField], [URL], [Enabled], [SortOrder], [Level]) VALUES (316, N'Registrar Testimonios y Aprendizajes', N' /FSC/Execution/addExecution.aspx?op=add', N'T', 99, 3)
INSERT [dbo].[Menu] ([Id], [TextField], [URL], [Enabled], [SortOrder], [Level]) VALUES (317, N'Generar Acta de Cierre', N' /FSC/FomsProceedings/Proceeding_main.aspx?tp=cls', N'T', 99, 3)
INSERT [dbo].[Menu] ([Id], [TextField], [URL], [Enabled], [SortOrder], [Level]) VALUES (318, N'Nuevo Registro de Acta de cierre', N' ', N'T', 99, 4)
INSERT [dbo].[Menu] ([Id], [TextField], [URL], [Enabled], [SortOrder], [Level]) VALUES (319, N'Registrar testimonios, ajustes y aprendizajes', N' /FSC/Execution/addExecution.aspx?op=add', N'T', 99, 4)
INSERT [dbo].[Menu] ([Id], [TextField], [URL], [Enabled], [SortOrder], [Level]) VALUES (320, N'Busqueda (incluye busqueda por toda la clasificacion)', N' /FSC/FormulationAndAdoption/searchRisk.aspx', N'T', 99, 3)
INSERT [dbo].[Menu] ([Id], [TextField], [URL], [Enabled], [SortOrder], [Level]) VALUES (321, N'Listado de subactividades pendientes', N' /FSC/Execution/subActivityMainPanelTODO-LIST.aspx', N'T', 99, 3)
INSERT [dbo].[Menu] ([Id], [TextField], [URL], [Enabled], [SortOrder], [Level]) VALUES (322, N'Lecciones Aprendidas', N' ', N'T', 99, 3)
INSERT [dbo].[Menu] ([Id], [TextField], [URL], [Enabled], [SortOrder], [Level]) VALUES (323, N'Buscar Registro de Acta de cierre', N' ', N'T', 99, 4)
INSERT [dbo].[Menu] ([Id], [TextField], [URL], [Enabled], [SortOrder], [Level]) VALUES (324, N'Busqueda (incluye busqueda por toda la clasificacion)', N' /FSC/Execution/searchExecution.aspx', N'T', 99, 4)
INSERT [dbo].[Menu] ([Id], [TextField], [URL], [Enabled], [SortOrder], [Level]) VALUES (325, N'Buscar Indicador', N' /FSC/GeneralPlanning/searchIndicator.aspx', N'T', 99, 3)
INSERT [dbo].[Menu] ([Id], [TextField], [URL], [Enabled], [SortOrder], [Level]) VALUES (326, N'Listado de subactividades pendientes', N' /FSC/Execution/addSubActivityInformationRegistry.aspx?op=add&idsubactivity=2593', N'T', 99, 3)
INSERT [dbo].[Menu] ([Id], [TextField], [URL], [Enabled], [SortOrder], [Level]) VALUES (327, N'Listado de ajustes pendientes', N' /V9/BPM/InternalParticipant/TaskList.aspx', N'T', 99, 3)
INSERT [dbo].[Menu] ([Id], [TextField], [URL], [Enabled], [SortOrder], [Level]) VALUES (330, N'Evaluación Proveedor', N' ', N'T', 99, 3)
INSERT [dbo].[Menu] ([Id], [TextField], [URL], [Enabled], [SortOrder], [Level]) VALUES (331, N'Nueva Evaluacion Proveedor', N' /FSC/ResearchAndDevelopment/addSupplierEvaluation.aspx?op=add', N'T', 99, 4)
INSERT [dbo].[Menu] ([Id], [TextField], [URL], [Enabled], [SortOrder], [Level]) VALUES (332, N'Buscar Evaluacion Proveedor', N' /FSC/ResearchAndDevelopment/searchSupplierEvaluation.aspx', N'T', 99, 4)
INSERT [dbo].[Menu] ([Id], [TextField], [URL], [Enabled], [SortOrder], [Level]) VALUES (333, N'Reportes', N'', N'T', 99, 3)
INSERT [dbo].[Menu] ([Id], [TextField], [URL], [Enabled], [SortOrder], [Level]) VALUES (334, N'Formulacion y Planeación', N' ', N'T', 99, 3)
INSERT [dbo].[Menu] ([Id], [TextField], [URL], [Enabled], [SortOrder], [Level]) VALUES (335, N'Ejecución', N' ', N'T', 99, 3)
INSERT [dbo].[Menu] ([Id], [TextField], [URL], [Enabled], [SortOrder], [Level]) VALUES (336, N'Reportes de Contratación', N' ', N'T', 99, 3)
INSERT [dbo].[Menu] ([Id], [TextField], [URL], [Enabled], [SortOrder], [Level]) VALUES (339, N'Ejecución', N'', N'T', 99, 3)
INSERT [dbo].[Menu] ([Id], [TextField], [URL], [Enabled], [SortOrder], [Level]) VALUES (340, N'Estado de la solicitud de contratos', N' /FSC/Report/Engagement/reportContractsRequest.aspx', N'T', 99, 4)
INSERT [dbo].[Menu] ([Id], [TextField], [URL], [Enabled], [SortOrder], [Level]) VALUES (341, N'Datos basicos de Proyecto', N' /FSC/Report/FormulationAndAdoption/reportBasicProjectData.aspx', N'T', 99, 4)
INSERT [dbo].[Menu] ([Id], [TextField], [URL], [Enabled], [SortOrder], [Level]) VALUES (342, N'Lista de Subactividades', N' /FSC/Report/Execution/reportActivities.aspx', N'T', 99, 4)
INSERT [dbo].[Menu] ([Id], [TextField], [URL], [Enabled], [SortOrder], [Level]) VALUES (343, N'Listado general de contratos', N' /FSC/Report/Engagement/generalListContracts.aspx', N'T', 99, 4)
INSERT [dbo].[Menu] ([Id], [TextField], [URL], [Enabled], [SortOrder], [Level]) VALUES (344, N'Matriz de Indicadores', N' /FSC/Report/FormulationAndAdoption/reporMatrixIndicator.aspx', N'T', 99, 4)
INSERT [dbo].[Menu] ([Id], [TextField], [URL], [Enabled], [SortOrder], [Level]) VALUES (345, N'Banco de documentos', N' /FSC/Report/ResearchAndDevelopment/ReportDocuments.aspx', N'T', 99, 4)
INSERT [dbo].[Menu] ([Id], [TextField], [URL], [Enabled], [SortOrder], [Level]) VALUES (346, N'Plan de contratacion', N' /FSC/Report/OperationalPlanning/reportRecruitmentPlan.aspx', N'T', 99, 4)
INSERT [dbo].[Menu] ([Id], [TextField], [URL], [Enabled], [SortOrder], [Level]) VALUES (347, N'Plan de Ejecución', N' /FSC/Report/reportExecutionPlan.aspx', N'T', 99, 4)
INSERT [dbo].[Menu] ([Id], [TextField], [URL], [Enabled], [SortOrder], [Level]) VALUES (348, N'Productos de Proyecto', N' /FSC/Report/ResearchAndDevelopment/ReportProducts.aspx', N'T', 99, 4)
INSERT [dbo].[Menu] ([Id], [TextField], [URL], [Enabled], [SortOrder], [Level]) VALUES (349, N'Cronograma del proyecto', N' /FSC/Report/FormulationAndAdoption/reportProjectChronogram.aspx', N'T', 99, 4)
INSERT [dbo].[Menu] ([Id], [TextField], [URL], [Enabled], [SortOrder], [Level]) VALUES (350, N'Listado de buenas practicas', N' /FSC/Report/ResearchAndDevelopment/ReportGoodPractice.aspx', N'T', 99, 4)
INSERT [dbo].[Menu] ([Id], [TextField], [URL], [Enabled], [SortOrder], [Level]) VALUES (351, N'Matriz de Riesgos', N' /FSC/Report/FormulationAndAdoption/reportRiskMatrix.aspx', N'T', 99, 4)
INSERT [dbo].[Menu] ([Id], [TextField], [URL], [Enabled], [SortOrder], [Level]) VALUES (352, N'Actividades Vs Ejecución', N' /FSC/Report/FormulationAndAdoption/ReportSubactivitiesVsExecution.aspx', N'T', 99, 4)
GO
print 'Processed 300 total records'
INSERT [dbo].[Menu] ([Id], [TextField], [URL], [Enabled], [SortOrder], [Level]) VALUES (353, N'Plan de contratación', N' /FSC/Report/OperationalPlanning/reportRecruitmentPlan.aspx', N'T', 99, 4)
INSERT [dbo].[Menu] ([Id], [TextField], [URL], [Enabled], [SortOrder], [Level]) VALUES (354, N'Estadisticas', N' /FSC/Report/ResearchAndDevelopment/ReportStatistics.aspx', N'T', 99, 4)
INSERT [dbo].[Menu] ([Id], [TextField], [URL], [Enabled], [SortOrder], [Level]) VALUES (355, N'Aprendizaje, Logros y Ajustes', N' /FSC/Report/FormulationAndAdoption/reportlearning.aspx', N'T', 99, 4)
INSERT [dbo].[Menu] ([Id], [TextField], [URL], [Enabled], [SortOrder], [Level]) VALUES (356, N'Lista de testimonios', N' /FSC/Report/FormulationAndAdoption/ReporTestimonyList.aspx', N'T', 99, 4)
INSERT [dbo].[Menu] ([Id], [TextField], [URL], [Enabled], [SortOrder], [Level]) VALUES (357, N'Grafica de Encuestas', N' /FSC/Report/ResearchAndDevelopment/ResultInquest.aspx', N'T', 99, 4)
INSERT [dbo].[Menu] ([Id], [TextField], [URL], [Enabled], [SortOrder], [Level]) VALUES (358, N'Lista de Operadores', N' /FSC/Report/FormulationAndAdoption/ReportOperatorList.aspx', N'T', 99, 4)
INSERT [dbo].[Menu] ([Id], [TextField], [URL], [Enabled], [SortOrder], [Level]) VALUES (359, N'Lista de proyectos cerrados', N' /FSC/Report/FormulationAndAdoption/reportClosedProjectsList.aspx ', N'T', 99, 4)
INSERT [dbo].[Menu] ([Id], [TextField], [URL], [Enabled], [SortOrder], [Level]) VALUES (363, N'Nueva Encuesta', N' /FSC/Execution/addInquest.aspx?op=add', N'T', 99, 3)
INSERT [dbo].[Menu] ([Id], [TextField], [URL], [Enabled], [SortOrder], [Level]) VALUES (364, N'Nuevo Documento', N' /FSC/ResearchAndDevelopment/addDocuments.aspx?op=add', N'T', 99, 3)
INSERT [dbo].[Menu] ([Id], [TextField], [URL], [Enabled], [SortOrder], [Level]) VALUES (365, N'Foro del Proyecto', N' /FSC/FormulationAndAdoption/searchForum.aspx', N'T', 99, 3)
INSERT [dbo].[Menu] ([Id], [TextField], [URL], [Enabled], [SortOrder], [Level]) VALUES (366, N'Buscar Encuesta', N' /FSC/Execution/searchInquest.aspx', N'T', 99, 3)
INSERT [dbo].[Menu] ([Id], [TextField], [URL], [Enabled], [SortOrder], [Level]) VALUES (367, N'Buscar Documento', N' /FSC/ResearchAndDevelopment/searchDocuments.aspx', N'T', 99, 3)
INSERT [dbo].[Menu] ([Id], [TextField], [URL], [Enabled], [SortOrder], [Level]) VALUES (368, N'Nuevo Foro', N' /FSC/FormulationAndAdoption/addForum.aspx?op=add', N'T', 99, 3)
INSERT [dbo].[Menu] ([Id], [TextField], [URL], [Enabled], [SortOrder], [Level]) VALUES (369, N'Diligenciar Encuesta', N' ', N'T', 99, 3)
INSERT [dbo].[Menu] ([Id], [TextField], [URL], [Enabled], [SortOrder], [Level]) VALUES (370, N'Buscar Encuesta Resuelta', N' /FSC/Execution/searchResolvedInquest.aspx', N'T', 99, 3)
INSERT [dbo].[Menu] ([Id], [TextField], [URL], [Enabled], [SortOrder], [Level]) VALUES (371, N'Nuevo Contenido Encuesta', N' /FSC/Execution/addInquestContent.aspx?op=add', N'T', 99, 3)
INSERT [dbo].[Menu] ([Id], [TextField], [URL], [Enabled], [SortOrder], [Level]) VALUES (372, N'Buscar contenido encuesta', N' /FSC/Execution/searchInquestContent.aspx', N'T', 99, 3)
INSERT [dbo].[Menu] ([Id], [TextField], [URL], [Enabled], [SortOrder], [Level]) VALUES (373, N'', N'', N' ', 0, 0)
SET IDENTITY_INSERT [dbo].[Menu] OFF
print 'Menu actualizado!'
print ''

print 'Agregando permisos al rol consultor'
SET IDENTITY_INSERT [dbo].[MenusByUserGroup] ON
INSERT [dbo].[MenusByUserGroup] ([Id], [IdUserGroup], [IdMenu]) VALUES (356, 36, 285)
INSERT [dbo].[MenusByUserGroup] ([Id], [IdUserGroup], [IdMenu]) VALUES (357, 36, 198)
INSERT [dbo].[MenusByUserGroup] ([Id], [IdUserGroup], [IdMenu]) VALUES (358, 36, 190)
INSERT [dbo].[MenusByUserGroup] ([Id], [IdUserGroup], [IdMenu]) VALUES (359, 36, 291)
INSERT [dbo].[MenusByUserGroup] ([Id], [IdUserGroup], [IdMenu]) VALUES (360, 36, 199)
INSERT [dbo].[MenusByUserGroup] ([Id], [IdUserGroup], [IdMenu]) VALUES (361, 36, 286)
INSERT [dbo].[MenusByUserGroup] ([Id], [IdUserGroup], [IdMenu]) VALUES (362, 36, 200)
INSERT [dbo].[MenusByUserGroup] ([Id], [IdUserGroup], [IdMenu]) VALUES (363, 36, 287)
INSERT [dbo].[MenusByUserGroup] ([Id], [IdUserGroup], [IdMenu]) VALUES (364, 36, 191)
INSERT [dbo].[MenusByUserGroup] ([Id], [IdUserGroup], [IdMenu]) VALUES (365, 36, 322)
INSERT [dbo].[MenusByUserGroup] ([Id], [IdUserGroup], [IdMenu]) VALUES (366, 36, 207)
INSERT [dbo].[MenusByUserGroup] ([Id], [IdUserGroup], [IdMenu]) VALUES (367, 36, 209)
INSERT [dbo].[MenusByUserGroup] ([Id], [IdUserGroup], [IdMenu]) VALUES (368, 36, 334)
INSERT [dbo].[MenusByUserGroup] ([Id], [IdUserGroup], [IdMenu]) VALUES (369, 36, 192)
INSERT [dbo].[MenusByUserGroup] ([Id], [IdUserGroup], [IdMenu]) VALUES (370, 36, 210)
INSERT [dbo].[MenusByUserGroup] ([Id], [IdUserGroup], [IdMenu]) VALUES (371, 36, 366)
INSERT [dbo].[MenusByUserGroup] ([Id], [IdUserGroup], [IdMenu]) VALUES (372, 36, 369)
INSERT [dbo].[MenusByUserGroup] ([Id], [IdUserGroup], [IdMenu]) VALUES (373, 36, 370)
INSERT [dbo].[MenusByUserGroup] ([Id], [IdUserGroup], [IdMenu]) VALUES (374, 36, 372)
INSERT [dbo].[MenusByUserGroup] ([Id], [IdUserGroup], [IdMenu]) VALUES (375, 36, 211)
INSERT [dbo].[MenusByUserGroup] ([Id], [IdUserGroup], [IdMenu]) VALUES (376, 36, 364)
INSERT [dbo].[MenusByUserGroup] ([Id], [IdUserGroup], [IdMenu]) VALUES (377, 36, 367)
INSERT [dbo].[MenusByUserGroup] ([Id], [IdUserGroup], [IdMenu]) VALUES (378, 36, 319)
INSERT [dbo].[MenusByUserGroup] ([Id], [IdUserGroup], [IdMenu]) VALUES (379, 36, 324)
INSERT [dbo].[MenusByUserGroup] ([Id], [IdUserGroup], [IdMenu]) VALUES (380, 36, 341)
INSERT [dbo].[MenusByUserGroup] ([Id], [IdUserGroup], [IdMenu]) VALUES (381, 36, 344)
INSERT [dbo].[MenusByUserGroup] ([Id], [IdUserGroup], [IdMenu]) VALUES (382, 36, 347)
INSERT [dbo].[MenusByUserGroup] ([Id], [IdUserGroup], [IdMenu]) VALUES (383, 36, 349)
INSERT [dbo].[MenusByUserGroup] ([Id], [IdUserGroup], [IdMenu]) VALUES (384, 36, 351)
INSERT [dbo].[MenusByUserGroup] ([Id], [IdUserGroup], [IdMenu]) VALUES (385, 36, 353)
INSERT [dbo].[MenusByUserGroup] ([Id], [IdUserGroup], [IdMenu]) VALUES (386, 36, 203)
INSERT [dbo].[MenusByUserGroup] ([Id], [IdUserGroup], [IdMenu]) VALUES (387, 36, 325)
INSERT [dbo].[MenusByUserGroup] ([Id], [IdUserGroup], [IdMenu]) VALUES (388, 36, 320)
INSERT [dbo].[MenusByUserGroup] ([Id], [IdUserGroup], [IdMenu]) VALUES (389, 36, 205)
SET IDENTITY_INSERT [dbo].[MenusByUserGroup] OFF
print 'Rol consultor actualizado!'
print ''

print 'Agregando items al rol juridico'
SET IDENTITY_INSERT [dbo].[MenusByUserGroup] ON
INSERT [dbo].[MenusByUserGroup] ([Id], [IdUserGroup], [IdMenu]) VALUES (394, 35, 190)
INSERT [dbo].[MenusByUserGroup] ([Id], [IdUserGroup], [IdMenu]) VALUES (395, 35, 198)
INSERT [dbo].[MenusByUserGroup] ([Id], [IdUserGroup], [IdMenu]) VALUES (396, 35, 285)
INSERT [dbo].[MenusByUserGroup] ([Id], [IdUserGroup], [IdMenu]) VALUES (397, 35, 291)
INSERT [dbo].[MenusByUserGroup] ([Id], [IdUserGroup], [IdMenu]) VALUES (398, 35, 286)
INSERT [dbo].[MenusByUserGroup] ([Id], [IdUserGroup], [IdMenu]) VALUES (399, 35, 199)
INSERT [dbo].[MenusByUserGroup] ([Id], [IdUserGroup], [IdMenu]) VALUES (400, 35, 288)
INSERT [dbo].[MenusByUserGroup] ([Id], [IdUserGroup], [IdMenu]) VALUES (401, 35, 292)
INSERT [dbo].[MenusByUserGroup] ([Id], [IdUserGroup], [IdMenu]) VALUES (402, 35, 200)
INSERT [dbo].[MenusByUserGroup] ([Id], [IdUserGroup], [IdMenu]) VALUES (403, 35, 283)
INSERT [dbo].[MenusByUserGroup] ([Id], [IdUserGroup], [IdMenu]) VALUES (404, 35, 287)
INSERT [dbo].[MenusByUserGroup] ([Id], [IdUserGroup], [IdMenu]) VALUES (405, 35, 191)
INSERT [dbo].[MenusByUserGroup] ([Id], [IdUserGroup], [IdMenu]) VALUES (406, 35, 205)
INSERT [dbo].[MenusByUserGroup] ([Id], [IdUserGroup], [IdMenu]) VALUES (407, 35, 320)
INSERT [dbo].[MenusByUserGroup] ([Id], [IdUserGroup], [IdMenu]) VALUES (408, 35, 209)
INSERT [dbo].[MenusByUserGroup] ([Id], [IdUserGroup], [IdMenu]) VALUES (409, 35, 334)
INSERT [dbo].[MenusByUserGroup] ([Id], [IdUserGroup], [IdMenu]) VALUES (410, 35, 341)
INSERT [dbo].[MenusByUserGroup] ([Id], [IdUserGroup], [IdMenu]) VALUES (411, 35, 344)
INSERT [dbo].[MenusByUserGroup] ([Id], [IdUserGroup], [IdMenu]) VALUES (412, 35, 347)
INSERT [dbo].[MenusByUserGroup] ([Id], [IdUserGroup], [IdMenu]) VALUES (413, 35, 349)
INSERT [dbo].[MenusByUserGroup] ([Id], [IdUserGroup], [IdMenu]) VALUES (414, 35, 351)
INSERT [dbo].[MenusByUserGroup] ([Id], [IdUserGroup], [IdMenu]) VALUES (415, 35, 353)
INSERT [dbo].[MenusByUserGroup] ([Id], [IdUserGroup], [IdMenu]) VALUES (416, 35, 192)
INSERT [dbo].[MenusByUserGroup] ([Id], [IdUserGroup], [IdMenu]) VALUES (417, 35, 211)
INSERT [dbo].[MenusByUserGroup] ([Id], [IdUserGroup], [IdMenu]) VALUES (418, 35, 364)
INSERT [dbo].[MenusByUserGroup] ([Id], [IdUserGroup], [IdMenu]) VALUES (419, 35, 367)
SET IDENTITY_INSERT [dbo].[MenusByUserGroup] OFF
print 'Rol juridico actualizado'
print ''

print 'Agregando items al rol Lider'
SET IDENTITY_INSERT [dbo].[MenusByUserGroup] ON
INSERT [dbo].[MenusByUserGroup] ([Id], [IdUserGroup], [IdMenu]) VALUES (420, 34, 190)
INSERT [dbo].[MenusByUserGroup] ([Id], [IdUserGroup], [IdMenu]) VALUES (421, 34, 198)
INSERT [dbo].[MenusByUserGroup] ([Id], [IdUserGroup], [IdMenu]) VALUES (422, 34, 281)
INSERT [dbo].[MenusByUserGroup] ([Id], [IdUserGroup], [IdMenu]) VALUES (423, 34, 285)
INSERT [dbo].[MenusByUserGroup] ([Id], [IdUserGroup], [IdMenu]) VALUES (424, 34, 291)
INSERT [dbo].[MenusByUserGroup] ([Id], [IdUserGroup], [IdMenu]) VALUES (425, 34, 199)
INSERT [dbo].[MenusByUserGroup] ([Id], [IdUserGroup], [IdMenu]) VALUES (426, 34, 282)
INSERT [dbo].[MenusByUserGroup] ([Id], [IdUserGroup], [IdMenu]) VALUES (427, 34, 286)
INSERT [dbo].[MenusByUserGroup] ([Id], [IdUserGroup], [IdMenu]) VALUES (428, 34, 200)
INSERT [dbo].[MenusByUserGroup] ([Id], [IdUserGroup], [IdMenu]) VALUES (429, 34, 287)
INSERT [dbo].[MenusByUserGroup] ([Id], [IdUserGroup], [IdMenu]) VALUES (430, 34, 191)
INSERT [dbo].[MenusByUserGroup] ([Id], [IdUserGroup], [IdMenu]) VALUES (431, 34, 203)
INSERT [dbo].[MenusByUserGroup] ([Id], [IdUserGroup], [IdMenu]) VALUES (432, 34, 325)
INSERT [dbo].[MenusByUserGroup] ([Id], [IdUserGroup], [IdMenu]) VALUES (433, 34, 205)
INSERT [dbo].[MenusByUserGroup] ([Id], [IdUserGroup], [IdMenu]) VALUES (434, 34, 320)
INSERT [dbo].[MenusByUserGroup] ([Id], [IdUserGroup], [IdMenu]) VALUES (435, 34, 206)
INSERT [dbo].[MenusByUserGroup] ([Id], [IdUserGroup], [IdMenu]) VALUES (436, 34, 316)
INSERT [dbo].[MenusByUserGroup] ([Id], [IdUserGroup], [IdMenu]) VALUES (437, 34, 207)
INSERT [dbo].[MenusByUserGroup] ([Id], [IdUserGroup], [IdMenu]) VALUES (438, 34, 322)
INSERT [dbo].[MenusByUserGroup] ([Id], [IdUserGroup], [IdMenu]) VALUES (439, 34, 319)
INSERT [dbo].[MenusByUserGroup] ([Id], [IdUserGroup], [IdMenu]) VALUES (440, 34, 320)
INSERT [dbo].[MenusByUserGroup] ([Id], [IdUserGroup], [IdMenu]) VALUES (441, 34, 209)
INSERT [dbo].[MenusByUserGroup] ([Id], [IdUserGroup], [IdMenu]) VALUES (442, 34, 334)
INSERT [dbo].[MenusByUserGroup] ([Id], [IdUserGroup], [IdMenu]) VALUES (443, 34, 341)
INSERT [dbo].[MenusByUserGroup] ([Id], [IdUserGroup], [IdMenu]) VALUES (444, 34, 344)
INSERT [dbo].[MenusByUserGroup] ([Id], [IdUserGroup], [IdMenu]) VALUES (445, 34, 347)
INSERT [dbo].[MenusByUserGroup] ([Id], [IdUserGroup], [IdMenu]) VALUES (446, 34, 349)
INSERT [dbo].[MenusByUserGroup] ([Id], [IdUserGroup], [IdMenu]) VALUES (447, 34, 351)
INSERT [dbo].[MenusByUserGroup] ([Id], [IdUserGroup], [IdMenu]) VALUES (448, 34, 353)
INSERT [dbo].[MenusByUserGroup] ([Id], [IdUserGroup], [IdMenu]) VALUES (449, 34, 192)
INSERT [dbo].[MenusByUserGroup] ([Id], [IdUserGroup], [IdMenu]) VALUES (450, 34, 210)
INSERT [dbo].[MenusByUserGroup] ([Id], [IdUserGroup], [IdMenu]) VALUES (451, 34, 363)
INSERT [dbo].[MenusByUserGroup] ([Id], [IdUserGroup], [IdMenu]) VALUES (452, 34, 366)
INSERT [dbo].[MenusByUserGroup] ([Id], [IdUserGroup], [IdMenu]) VALUES (453, 34, 369)
INSERT [dbo].[MenusByUserGroup] ([Id], [IdUserGroup], [IdMenu]) VALUES (454, 34, 370)
INSERT [dbo].[MenusByUserGroup] ([Id], [IdUserGroup], [IdMenu]) VALUES (455, 34, 371)
INSERT [dbo].[MenusByUserGroup] ([Id], [IdUserGroup], [IdMenu]) VALUES (456, 34, 372)
INSERT [dbo].[MenusByUserGroup] ([Id], [IdUserGroup], [IdMenu]) VALUES (457, 34, 364)
INSERT [dbo].[MenusByUserGroup] ([Id], [IdUserGroup], [IdMenu]) VALUES (458, 34, 367)
INSERT [dbo].[MenusByUserGroup] ([Id], [IdUserGroup], [IdMenu]) VALUES (459, 34, 211)
SET IDENTITY_INSERT [dbo].[MenusByUserGroup] OFF
print 'Rol lider actualizado'
print ''

print 'Agregando items a seguimiento' 
SET IDENTITY_INSERT [dbo].[MenusByUserGroup] ON
INSERT [dbo].[MenusByUserGroup] ([Id], [IdUserGroup], [IdMenu]) VALUES (460, 28, 190)
INSERT [dbo].[MenusByUserGroup] ([Id], [IdUserGroup], [IdMenu]) VALUES (461, 28, 198)
INSERT [dbo].[MenusByUserGroup] ([Id], [IdUserGroup], [IdMenu]) VALUES (462, 28, 281)
INSERT [dbo].[MenusByUserGroup] ([Id], [IdUserGroup], [IdMenu]) VALUES (463, 28, 285)
INSERT [dbo].[MenusByUserGroup] ([Id], [IdUserGroup], [IdMenu]) VALUES (464, 28, 289)
INSERT [dbo].[MenusByUserGroup] ([Id], [IdUserGroup], [IdMenu]) VALUES (465, 28, 291)
INSERT [dbo].[MenusByUserGroup] ([Id], [IdUserGroup], [IdMenu]) VALUES (466, 28, 199)
INSERT [dbo].[MenusByUserGroup] ([Id], [IdUserGroup], [IdMenu]) VALUES (467, 28, 282)
GO
print 'Processed 200 total records'
INSERT [dbo].[MenusByUserGroup] ([Id], [IdUserGroup], [IdMenu]) VALUES (468, 28, 286)
INSERT [dbo].[MenusByUserGroup] ([Id], [IdUserGroup], [IdMenu]) VALUES (469, 28, 290)
INSERT [dbo].[MenusByUserGroup] ([Id], [IdUserGroup], [IdMenu]) VALUES (470, 28, 292)
INSERT [dbo].[MenusByUserGroup] ([Id], [IdUserGroup], [IdMenu]) VALUES (471, 28, 284)
INSERT [dbo].[MenusByUserGroup] ([Id], [IdUserGroup], [IdMenu]) VALUES (472, 28, 288)
INSERT [dbo].[MenusByUserGroup] ([Id], [IdUserGroup], [IdMenu]) VALUES (473, 28, 200)
INSERT [dbo].[MenusByUserGroup] ([Id], [IdUserGroup], [IdMenu]) VALUES (474, 28, 287)
INSERT [dbo].[MenusByUserGroup] ([Id], [IdUserGroup], [IdMenu]) VALUES (475, 28, 191)
INSERT [dbo].[MenusByUserGroup] ([Id], [IdUserGroup], [IdMenu]) VALUES (476, 28, 201)
INSERT [dbo].[MenusByUserGroup] ([Id], [IdUserGroup], [IdMenu]) VALUES (477, 28, 297)
INSERT [dbo].[MenusByUserGroup] ([Id], [IdUserGroup], [IdMenu]) VALUES (478, 28, 202)
INSERT [dbo].[MenusByUserGroup] ([Id], [IdUserGroup], [IdMenu]) VALUES (479, 28, 298)
INSERT [dbo].[MenusByUserGroup] ([Id], [IdUserGroup], [IdMenu]) VALUES (480, 28, 295)
INSERT [dbo].[MenusByUserGroup] ([Id], [IdUserGroup], [IdMenu]) VALUES (481, 28, 296)
INSERT [dbo].[MenusByUserGroup] ([Id], [IdUserGroup], [IdMenu]) VALUES (482, 28, 299)
INSERT [dbo].[MenusByUserGroup] ([Id], [IdUserGroup], [IdMenu]) VALUES (483, 28, 302)
INSERT [dbo].[MenusByUserGroup] ([Id], [IdUserGroup], [IdMenu]) VALUES (484, 28, 300)
INSERT [dbo].[MenusByUserGroup] ([Id], [IdUserGroup], [IdMenu]) VALUES (485, 28, 303)
INSERT [dbo].[MenusByUserGroup] ([Id], [IdUserGroup], [IdMenu]) VALUES (486, 28, 203)
INSERT [dbo].[MenusByUserGroup] ([Id], [IdUserGroup], [IdMenu]) VALUES (487, 28, 313)
INSERT [dbo].[MenusByUserGroup] ([Id], [IdUserGroup], [IdMenu]) VALUES (488, 28, 325)
INSERT [dbo].[MenusByUserGroup] ([Id], [IdUserGroup], [IdMenu]) VALUES (489, 28, 204)
INSERT [dbo].[MenusByUserGroup] ([Id], [IdUserGroup], [IdMenu]) VALUES (490, 28, 314)
INSERT [dbo].[MenusByUserGroup] ([Id], [IdUserGroup], [IdMenu]) VALUES (491, 28, 205)
INSERT [dbo].[MenusByUserGroup] ([Id], [IdUserGroup], [IdMenu]) VALUES (492, 28, 315)
INSERT [dbo].[MenusByUserGroup] ([Id], [IdUserGroup], [IdMenu]) VALUES (493, 28, 320)
INSERT [dbo].[MenusByUserGroup] ([Id], [IdUserGroup], [IdMenu]) VALUES (494, 28, 206)
INSERT [dbo].[MenusByUserGroup] ([Id], [IdUserGroup], [IdMenu]) VALUES (495, 28, 316)
INSERT [dbo].[MenusByUserGroup] ([Id], [IdUserGroup], [IdMenu]) VALUES (496, 28, 321)
INSERT [dbo].[MenusByUserGroup] ([Id], [IdUserGroup], [IdMenu]) VALUES (497, 28, 327)
INSERT [dbo].[MenusByUserGroup] ([Id], [IdUserGroup], [IdMenu]) VALUES (498, 28, 317)
INSERT [dbo].[MenusByUserGroup] ([Id], [IdUserGroup], [IdMenu]) VALUES (499, 28, 322)
INSERT [dbo].[MenusByUserGroup] ([Id], [IdUserGroup], [IdMenu]) VALUES (500, 28, 207)
INSERT [dbo].[MenusByUserGroup] ([Id], [IdUserGroup], [IdMenu]) VALUES (501, 28, 319)
INSERT [dbo].[MenusByUserGroup] ([Id], [IdUserGroup], [IdMenu]) VALUES (502, 28, 320)
INSERT [dbo].[MenusByUserGroup] ([Id], [IdUserGroup], [IdMenu]) VALUES (504, 28, 330)
INSERT [dbo].[MenusByUserGroup] ([Id], [IdUserGroup], [IdMenu]) VALUES (505, 28, 208)
INSERT [dbo].[MenusByUserGroup] ([Id], [IdUserGroup], [IdMenu]) VALUES (506, 28, 330)
INSERT [dbo].[MenusByUserGroup] ([Id], [IdUserGroup], [IdMenu]) VALUES (507, 28, 331)
INSERT [dbo].[MenusByUserGroup] ([Id], [IdUserGroup], [IdMenu]) VALUES (508, 28, 332)
INSERT [dbo].[MenusByUserGroup] ([Id], [IdUserGroup], [IdMenu]) VALUES (509, 28, 334)
INSERT [dbo].[MenusByUserGroup] ([Id], [IdUserGroup], [IdMenu]) VALUES (511, 28, 209)
INSERT [dbo].[MenusByUserGroup] ([Id], [IdUserGroup], [IdMenu]) VALUES (512, 28, 341)
INSERT [dbo].[MenusByUserGroup] ([Id], [IdUserGroup], [IdMenu]) VALUES (513, 28, 344)
INSERT [dbo].[MenusByUserGroup] ([Id], [IdUserGroup], [IdMenu]) VALUES (514, 28, 347)
INSERT [dbo].[MenusByUserGroup] ([Id], [IdUserGroup], [IdMenu]) VALUES (515, 28, 349)
INSERT [dbo].[MenusByUserGroup] ([Id], [IdUserGroup], [IdMenu]) VALUES (516, 28, 351)
INSERT [dbo].[MenusByUserGroup] ([Id], [IdUserGroup], [IdMenu]) VALUES (517, 28, 353)
INSERT [dbo].[MenusByUserGroup] ([Id], [IdUserGroup], [IdMenu]) VALUES (518, 28, 335)
INSERT [dbo].[MenusByUserGroup] ([Id], [IdUserGroup], [IdMenu]) VALUES (519, 28, 342)
INSERT [dbo].[MenusByUserGroup] ([Id], [IdUserGroup], [IdMenu]) VALUES (520, 28, 345)
INSERT [dbo].[MenusByUserGroup] ([Id], [IdUserGroup], [IdMenu]) VALUES (521, 28, 348)
INSERT [dbo].[MenusByUserGroup] ([Id], [IdUserGroup], [IdMenu]) VALUES (522, 28, 350)
INSERT [dbo].[MenusByUserGroup] ([Id], [IdUserGroup], [IdMenu]) VALUES (523, 28, 352)
INSERT [dbo].[MenusByUserGroup] ([Id], [IdUserGroup], [IdMenu]) VALUES (524, 28, 354)
INSERT [dbo].[MenusByUserGroup] ([Id], [IdUserGroup], [IdMenu]) VALUES (525, 28, 355)
INSERT [dbo].[MenusByUserGroup] ([Id], [IdUserGroup], [IdMenu]) VALUES (526, 28, 356)
INSERT [dbo].[MenusByUserGroup] ([Id], [IdUserGroup], [IdMenu]) VALUES (527, 28, 357)
INSERT [dbo].[MenusByUserGroup] ([Id], [IdUserGroup], [IdMenu]) VALUES (528, 28, 358)
INSERT [dbo].[MenusByUserGroup] ([Id], [IdUserGroup], [IdMenu]) VALUES (529, 28, 359)
INSERT [dbo].[MenusByUserGroup] ([Id], [IdUserGroup], [IdMenu]) VALUES (530, 28, 336)
INSERT [dbo].[MenusByUserGroup] ([Id], [IdUserGroup], [IdMenu]) VALUES (531, 28, 340)
INSERT [dbo].[MenusByUserGroup] ([Id], [IdUserGroup], [IdMenu]) VALUES (532, 28, 343)
INSERT [dbo].[MenusByUserGroup] ([Id], [IdUserGroup], [IdMenu]) VALUES (533, 28, 346)
INSERT [dbo].[MenusByUserGroup] ([Id], [IdUserGroup], [IdMenu]) VALUES (534, 28, 210)
INSERT [dbo].[MenusByUserGroup] ([Id], [IdUserGroup], [IdMenu]) VALUES (535, 28, 363)
INSERT [dbo].[MenusByUserGroup] ([Id], [IdUserGroup], [IdMenu]) VALUES (536, 28, 366)
INSERT [dbo].[MenusByUserGroup] ([Id], [IdUserGroup], [IdMenu]) VALUES (537, 28, 192)
INSERT [dbo].[MenusByUserGroup] ([Id], [IdUserGroup], [IdMenu]) VALUES (538, 28, 369)
INSERT [dbo].[MenusByUserGroup] ([Id], [IdUserGroup], [IdMenu]) VALUES (539, 28, 370)
INSERT [dbo].[MenusByUserGroup] ([Id], [IdUserGroup], [IdMenu]) VALUES (540, 28, 371)
INSERT [dbo].[MenusByUserGroup] ([Id], [IdUserGroup], [IdMenu]) VALUES (541, 28, 372)
INSERT [dbo].[MenusByUserGroup] ([Id], [IdUserGroup], [IdMenu]) VALUES (542, 28, 367)
INSERT [dbo].[MenusByUserGroup] ([Id], [IdUserGroup], [IdMenu]) VALUES (543, 28, 364)
INSERT [dbo].[MenusByUserGroup] ([Id], [IdUserGroup], [IdMenu]) VALUES (544, 28, 211)
SET IDENTITY_INSERT [dbo].[MenusByUserGroup] OFF
print 'Rol seguimiento actualizado'
print ''
